<doctrine-mapping>
    <entity name="SunMedia\Core\Domain\Model\Carrier\Carrier">
        <id name="id" type="carrier_id">
            <generator strategy="NONE"/>
        </id>

        <embedded name="name" class="CarrierName"/>
        <embedded name="asn" class="CarrierAsn"/>

        <field name="countryIso" type="country_iso"/>
        <field name="deleted" type="boolean">
            <options>
                <option name="default">0</option>
            </options>
        </field>
        <field name="deletedAt" type="SMDatetime" nullable="true"/>
        <field name="createdAt" type="SMDatetime" nullable="false"/>
        <field name="updatedAt" type="SMDatetime" nullable="true"/>

        <indexes>
            <index name="carrier_country_iso_index" columns="country_iso"/>
            <index name="carrier_name_index" columns="name_value"/>
        </indexes>
    </entity>
</doctrine-mapping>