<doctrine-mapping>
    <entity name="SunMedia\Core\Domain\Model\SalesforceUser\SalesforceUser">
        <id name="id" type="salesforce_user_id">
            <generator strategy="NONE"/>
        </id>
        <embedded name="name" class="SalesforceUserName"/>
        <embedded name="email" class="SalesforceUserEmail"/>
        <embedded name="companyName" class="SalesforceUserCompanyName"/>
        <embedded name="department" class="SalesforceUserDepartment"/>
        <embedded name="enabled" class="SalesforceUserEnabled"/>
        <embedded name="country" class="SalesforceUserCountry"/>

        <field name="createdAt" type="SMDatetime" nullable="false"/>
        <field name="updatedAt" type="SMDatetime" nullable="true"/>

        <indexes>
            <index name="salesforce_user_name_index" columns="name_value"/>
        </indexes>

        <unique-constraints>
            <unique-constraint columns="email_value" name="salesforce_user_email_index"/>
        </unique-constraints>
    </entity>
</doctrine-mapping>
