<doctrine-mapping>
    <entity name="SunMedia\Core\Domain\Model\Client\Client">
        <id name="id" type="client_id">
            <generator strategy="NONE"/>
        </id>
        <embedded name="name" class="ClientName"/>
        <embedded name="contactName" class="ClientContactName"/>
        <embedded name="type" class="ClientType"/>
        <embedded name="email" class="SunMedia\Shared\Domain\Model\Email\Email"/>
        <embedded name="isExternal" class="ClientIsExternal"/>
        <embedded name="taxId" class="ClientTaxId"/>

        <field name="deleted" type="boolean">
            <options>
                <option name="default">0</option>
            </options>
        </field>
        <field name="deletedAt" type="SMDatetime" nullable="true"/>
        <field name="createdAt" type="SMDatetime" nullable="false"/>
        <field name="updatedAt" type="SMDatetime" nullable="true"/>

        <indexes>
            <index name="client_name_index" columns="name_value"/>
            <index name="client_type_index" columns="type_value"/>
        </indexes>
    </entity>
</doctrine-mapping>
