<doctrine-mapping>
    <entity name="SunMedia\Core\Domain\Model\SalesforceAccount\SalesforceAccount">
        <id name="id" type="salesforce_account_id">
            <generator strategy="NONE"/>
        </id>

        <embedded name="userName" class="SalesforceAccountUserName"/>

        <indexes>
            <index name="salesforce_account_user_name_index" columns="user_name_value"/>
        </indexes>

        <unique-constraints>
            <unique-constraint columns="id" name="id_pa_idx"/>
        </unique-constraints>
    </entity>
</doctrine-mapping>
