<doctrine-mapping>
    <entity name="SunMedia\Core\Domain\Model\Feed\Feed">
        <id name="id" type="feed_id">
            <generator strategy="NONE"/>
        </id>
        <field name="clientId" type="client_id"/>
        <embedded name="name" class="FeedName"/>
        <embedded name="type" class="FeedType"/>
        <embedded name="hourInterval" class="FeedHourInterval"/>
        <embedded name="url" class="FeedUrl"/>
        <embedded name="callbackUrl" class="FeedCallbackUrl"/>
        <embedded name="input" class="FeedInput"/>
        <embedded name="output" class="FeedOutput"/>
        <embedded name="dictionary" class="FeedDictionary"/>
        <field name="createdAt" type="SMDatetime" nullable="false"/>
        <field name="updatedAt" type="SMDatetime" nullable="true"/>

        <indexes>
            <index name="feed_client_id_index" columns="client_id"/>
            <index name="feed_name_index" columns="name_value"/>
            <index name="feed_type_index" columns="type_value"/>
        </indexes>
    </entity>
</doctrine-mapping>
