<doctrine-mapping>
    <entity name="SunMedia\Core\Domain\Model\Publisher\Publisher">
        <id name="id" type="publisher_id">
            <generator strategy="NONE"/>
        </id>
        <embedded name="name" class="PublisherName"/>

        <field name="clientId" type="client_id"/>

        <field name="deletedAt" type="SMDatetime" nullable="true"/>
        <field name="createdAt" type="SMDatetime" nullable="true"/>
        <field name="updatedAt" type="SMDatetime" nullable="true"/>
        <field name="deleted" type="boolean">
            <options>
                <option name="default">0</option>
            </options>
        </field>

        <indexes>
            <index name="publisher_client_id_index" columns="client_id"/>
            <index name="publisher_name_index" columns="name_value"/>
        </indexes>
    </entity>
</doctrine-mapping>
