<doctrine-mapping>
    <entity name="SunMedia\Core\Domain\Model\ApiPlatformPrice\ApiPlatformPrice">
        <id name="id" type="api_platform_price_id"/>

        <embedded name="date" class="ApiPlatformPriceDate"/>
        <embedded name="country" class="ApiPlatformPriceCountry"/>
        <embedded name="price" class="ApiPlatformPricePrice"/>

        <indexes>
            <index name="api_platform_price_date_index" columns="date_value"/>
            <index name="api_platform_price_country_index" columns="country_value"/>
        </indexes>

        <unique-constraints>
            <unique-constraint columns="date_value,country_value" name="prices_date_country_pa_idx"/>
        </unique-constraints>

    </entity>
</doctrine-mapping>
