<doctrine-mapping>
    <entity name="SunMedia\Core\Domain\Model\User\User">
        <id name="id" type="user_id">
            <generator strategy="NONE"/>
        </id>
        <embedded name="name" class="SunMedia\Core\Domain\Model\User\UserName"/>
        <embedded name="email" class="SunMedia\Shared\Domain\Model\Email\Email"/>
        <embedded name="role" class="SunMedia\Shared\Domain\Model\Role\Role"/>
        <embedded name="password" class="SunMedia\Core\Domain\Model\User\UserPassword"/>
        <embedded name="tokenResetPassword" class="SunMedia\Core\Domain\Model\User\UserTokenResetPassword"/>
        <embedded name="enabled" class="SunMedia\Core\Domain\Model\User\UserEnabled"/>
        <field name="salesforceUserId" type="salesforce_user_id" nullable="true"/>

        <field name="deleted" type="boolean">
            <options>
                <option name="default">0</option>
            </options>
        </field>
        <field name="deletedAt" type="SMDatetime" nullable="true"/>
        <field name="createdAt" type="SMDatetime" nullable="false"/>
        <field name="updatedAt" type="SMDatetime" nullable="true"/>

        <indexes>
            <index name="user_role_index" columns="role_value"/>
            <index name="user_name_index" columns="name_value"/>
        </indexes>

        <unique-constraints>
            <unique-constraint columns="email_value" name="user_email_index"/>
        </unique-constraints>
    </entity>
</doctrine-mapping>
