<doctrine-mapping>
    <entity name="SunMedia\Core\Domain\Model\CdnInvalidation\CdnInvalidation">
        <id name="id" type="cdn_invalidation_id">
            <generator strategy="NONE"/>
        </id>
        <field name="context" type="string"/>
        <field name="status" type="string"/>
        <field name="urls" type="json_array"/>
        <field name="error" type="string"/>
        <field name="createdAt" type="SMDatetime" nullable="true"/>
        <field name="updatedAt" type="SMDatetime" nullable="true"/>
    </entity>
</doctrine-mapping>
