<doctrine-mapping>
    <entity name="SunMedia\Core\Domain\Model\Advertiser\Advertiser">
        <id name="id" type="advertiser_id">
            <generator strategy="NONE"/>
        </id>
        <embedded name="name" class="AdvertiserName"/>
        <field name="clientId" type="client_id"/>

        <field name="deleted" type="boolean">
            <options>
                <option name="default">0</option>
            </options>
        </field>
        <field name="deletedAt" type="SMDatetime" nullable="true"/>
        <field name="createdAt" type="SMDatetime" nullable="false"/>
        <field name="updatedAt" type="SMDatetime" nullable="true"/>

        <indexes>
            <index name="advertiser_name_index" columns="name_value"/>
            <index name="advertiser_client_id_index" columns="client_id"/>
        </indexes>
    </entity>
</doctrine-mapping>