{
  "comment": "Key = sunMedia iso3. value platform external id",
  "key":"iso3_value",
  "data": {
    "ABW": "163",
    "AFG": "83",
    "AGO": "86",
    "AIA": "87",
    "ALA": "158",
    "ALB": "84",
    "AND": "85",
    "ARE": "236",
    "ARG": "162",
    "ARM": "88",
    "ASM": "1",
    "ATA": "160",
    "ATF": "274",
    "ATG": "161",
    "AUS": "164",
    "AUT": "89",
    "AZE": "165",
    "BDI": "92",
    "BEL": "4",
    "BEN": "170",
    "BES": "271",
    "BFA": "91",
    "BGD": "166",
    "BGR": "9",
    "BHR": "3",
    "BHS": "2",
    "BIH": "171",
    "BLM": "284",
    "BLR": "168",
    "BLZ": "169",
    "BMU": "5",
    "BOL": "6",
    "BRA": "7",
    "BRB": "167",
    "BRN": "8",
    "BTN": "90",
    "BVT": "293",
    "BWA": "172",
    "CAF": "95",
    "CAN": "93",
    "CCK": "276",
    "CHE": "73",
    "CHL": "11",
    "CHN": "12",
    "CIV": "246",
    "CMR": "176",
    "COD": "96",
    "COG": "180",
    "COK": "15",
    "COL": "13",
    "COM": "14",
    "CPV": "94",
    "CRI": "97",
    "CUB": "98",
    "CUW": "272",
    "CXR": "178",
    "CYM": "177",
    "CYP": "99",
    "CZE": "17",
    "DEU": "25",
    "DJI": "18",
    "DMA": "19",
    "DNK": "100",
    "DOM": "20",
    "DZA": "159",
    "ECU": "101",
    "EGY": "21",
    "ERI": "182",
    "ESH": "292",
    "ESP": "228",
    "EST": "183",
    "ETH": "102",
    "FIN": "105",
    "FJI": "23",
    "FLK": "103",
    "FRA": "184",
    "FRO": "104",
    "FSM": "48",
    "GAB": "186",
    "GBR": "78",
    "GEO": "107",
    "GGY": "108",
    "GHA": "26",
    "GIB": "187",
    "GIN": "191",
    "GLP": "189",
    "GMB": "106",
    "GNB": "109",
    "GNQ": "181",
    "GRC": "27",
    "GRD": "28",
    "GRL": "188",
    "GTM": "190",
    "GUF": "24",
    "GUM": "29",
    "GUY": "110",
    "HKG": "193",
    "HND": "31",
    "HRV": "247",
    "HTI": "30",
    "HUN": "194",
    "IDN": "33",
    "IMN": "112",
    "IND": "32",
    "IOT": "174",
    "IRL": "196",
    "IRN": "34",
    "IRQ": "195",
    "ISL": "111",
    "ISR": "35",
    "ITA": "197",
    "JAM": "198",
    "JEY": "113",
    "JOR": "114",
    "JPN": "36",
    "KAZ": "115",
    "KEN": "199",
    "KGZ": "118",
    "KHM": "175",
    "KIR": "200",
    "KNA": "62",
    "KOR": "117",
    "KWT": "37",
    "LAO": "119",
    "LBN": "121",
    "LBR": "201",
    "LBY": "122",
    "LCA": "138",
    "LIE": "39",
    "LKA": "229",
    "LSO": "38",
    "LTU": "40",
    "LUX": "41",
    "LVA": "120",
    "MAC": "202",
    "MAF": "257",
    "MAR": "209",
    "MCO": "49",
    "MDA": "207",
    "MDG": "203",
    "MDV": "43",
    "MEX": "47",
    "MHL": "44",
    "MKD": "123",
    "MLI": "204",
    "MLT": "205",
    "MMR": "127",
    "MNE": "126",
    "MNG": "50",
    "MNP": "215",
    "MOZ": "51",
    "MRT": "46",
    "MSR": "208",
    "MTQ": "45",
    "MUS": "125",
    "MWI": "42",
    "MYS": "124",
    "MYT": "206",
    "NAM": "210",
    "NCL": "53",
    "NER": "129",
    "NFK": "214",
    "NGA": "55",
    "NIC": "213",
    "NIU": "130",
    "NLD": "212",
    "NOR": "216",
    "NPL": "211",
    "NRU": "52",
    "NZL": "250",
    "OMN": "131",
    "PAK": "56",
    "PAN": "218",
    "PCN": "281",
    "PER": "57",
    "PHL": "135",
    "PLW": "132",
    "PNG": "133",
    "POL": "220",
    "PRI": "59",
    "PRK": "116",
    "PRT": "58",
    "PRY": "134",
    "PSE": "217",
    "PYF": "185",
    "QAT": "60",
    "REU": "61",
    "ROU": "221",
    "RUS": "136",
    "RWA": "137",
    "SAU": "140",
    "SDN": "70",
    "SEN": "65",
    "SGP": "67",
    "SGS": "277",
    "SHN": "251",
    "SJM": "254",
    "SLB": "226",
    "SLE": "141",
    "SLV": "22",
    "SMR": "139",
    "SOM": "227",
    "SPM": "252",
    "SRB": "224",
    "SSD": "275",
    "STP": "64",
    "SUR": "143",
    "SVK": "225",
    "SVN": "68",
    "SWE": "144",
    "SWZ": "72",
    "SXM": "273",
    "SYC": "66",
    "SYR": "230",
    "TCA": "234",
    "TCD": "10",
    "TGO": "148",
    "THA": "231",
    "TJK": "145",
    "TKL": "259",
    "TKM": "150",
    "TLS": "147",
    "TON": "75",
    "TTO": "149",
    "TUN": "233",
    "TUR": "76",
    "TUV": "151",
    "TWN": "74",
    "TZA": "146",
    "UGA": "77",
    "UKR": "235",
    "UMI": "279",
    "URY": "237",
    "USA": "152",
    "UZB": "79",
    "VAT": "249",
    "VCT": "63",
    "VEN": "156",
    "VGB": "239",
    "VIR": "80",
    "VNM": "238",
    "VUT": "154",
    "WLF": "240",
    "WSM": "223",
    "XKX": "9999",
    "YEM": "157",
    "ZAF": "69",
    "ZMB": "81",
    "ZWE": "82"
  }
}